"asc","asc_loc","b_price_mu","b_risk2_mu","b_risk3_mu","b_duration2_mu","b_duration3_mu","b_efficacy2_mu","b_efficacy3_mu","b_oral_mu","b_dose2_mu","b_dose3_mu","b_imported_mu","b_Hebei1","b_Shanxi2","b_Liaoning3","b_Jilin4","b_Heilongjiang5","b_Jiangsu6","b_Zhejiang7","b_Anhui8","b_Fujian9","b_Jiangxi10","b_Shandong11","b_Henan12","b_Hubei13","b_Hunan14","b_Guangdong15","b_Hainan16","b_Sichuan17","b_Guizhou18","b_Yunnan19","b_Shaanxi20","b_Gansu21","b_Qinghai22","b_Neimongol23","b_Guangxi24","b_Tibet25","b_Ningxia26","b_Xinjiang27","b_Beijing28","b_Shanghai29","b_Tianjin30","b_price_gender_2l","b_risk2_gender_2l","b_risk3_gender_2l","b_duration2_gender_2l","b_duration3_gender_2l","b_efficacy2_gender_2l","b_efficacy3_gender_2l","b_oral_gender_2l","b_dose3_gender_2l","b_imported_gender_2l","b_price_age_high","b_risk2_age_high","b_risk3_age_high","b_duration2_age_high","b_duration3_age_high","b_efficacy2_age_high","b_efficacy3_age_high","b_oral_age_high","b_dose3_age_high","b_imported_age_high","b_price_age_mid","b_risk2_age_mid","b_risk3_age_mid","b_duration2_age_mid","b_duration3_age_mid","b_efficacy2_age_mid","b_efficacy3_age_mid","b_oral_age_mid","b_dose3_age_mid","b_imported_age_mid","b_price_education_high","b_risk2_education_high","b_risk3_education_high","b_duration2_education_high","b_duration3_education_high","b_efficacy2_education_high","b_efficacy3_education_high","b_oral_education_high","b_dose3_education_high","b_imported_education_high","b_price_education_mid","b_risk2_education_mid","b_risk3_education_mid","b_duration2_education_mid","b_duration3_education_mid","b_efficacy2_education_mid","b_efficacy3_education_mid","b_oral_education_mid","b_dose3_education_mid","b_imported_education_mid","b_price_marriage_2l","b_risk2_marriage_2l","b_risk3_marriage_2l","b_duration2_marriage_2l","b_duration3_marriage_2l","b_efficacy2_marriage_2l","b_efficacy3_marriage_2l","b_oral_marriage_2l","b_dose3_marriage_2l","b_imported_marriage_2l","b_price_residence_2l","b_risk2_residence_2l","b_risk3_residence_2l","b_duration2_residence_2l","b_duration3_residence_2l","b_efficacy2_residence_2l","b_efficacy3_residence_2l","b_oral_residence_2l","b_dose3_residence_2l","b_imported_residence_2l","b_price_occupation_high","b_risk2_occupation_high","b_risk3_occupation_high","b_duration2_occupation_high","b_duration3_occupation_high","b_efficacy2_occupation_high","b_efficacy3_occupation_high","b_oral_occupation_high","b_dose3_occupation_high","b_imported_occupation_high","b_price_occupation_mid","b_risk2_occupation_mid","b_risk3_occupation_mid","b_duration2_occupation_mid","b_duration3_occupation_mid","b_efficacy2_occupation_mid","b_efficacy3_occupation_mid","b_oral_occupation_mid","b_dose3_occupation_mid","b_imported_occupation_mid","b_price_insurance_2l","b_risk2_insurance_2l","b_risk3_insurance_2l","b_duration2_insurance_2l","b_duration3_insurance_2l","b_efficacy2_insurance_2l","b_efficacy3_insurance_2l","b_oral_insurance_2l","b_dose3_insurance_2l","b_imported_insurance_2l","b_price_income_high","b_risk2_income_high","b_risk3_income_high","b_duration2_income_high","b_duration3_income_high","b_efficacy2_income_high","b_efficacy3_income_high","b_oral_income_high","b_dose3_income_high","b_imported_income_high","b_price_income_mid","b_risk2_income_mid","b_risk3_income_mid","b_duration2_income_mid","b_duration3_income_mid","b_efficacy2_income_mid","b_efficacy3_income_mid","b_oral_income_mid","b_dose3_income_mid","b_imported_income_mid","b_price_chronic_2l","b_risk2_chronic_2l","b_risk3_chronic_2l","b_duration2_chronic_2l","b_duration3_chronic_2l","b_efficacy2_chronic_2l","b_efficacy3_chronic_2l","b_oral_chronic_2l","b_dose3_chronic_2l","b_imported_chronic_2l","b_price_hasvaccined_2l","b_risk2_hasvaccined_2l","b_risk3_hasvaccined_2l","b_duration2_hasvaccined_2l","b_duration3_hasvaccined_2l","b_efficacy2_hasvaccined_2l","b_efficacy3_hasvaccined_2l","b_oral_hasvaccined_2l","b_dose3_hasvaccined_2l","b_imported_hasvaccined_2l","b_price_sigma","b_risk2_sigma","b_risk3_sigma","b_duration2_sigma","b_duration3_sigma","b_efficacy2_sigma","b_efficacy3_sigma","b_oral_sigma","b_dose2_sigma","b_dose3_sigma","b_imported_sigma","logLike"
2.9,0,-0.00165,-0.778,-0.717,0.454,1.641,0.677,1.47,-0.106,-0.196,-0.226,-0.788,0,0,0,0,0,0,0,0,0,0,0,0,0,0,0,0,0,0,0,0,0,0,0,0,0,0,0,0,0,0,0,0,0,0,0,0,0,0,0,0,0,0,0,0,0,0,0,0,0,0,0,0,0,0,0,0,0,0,0,0,0,0,0,0,0,0,0,0,0,0,0,0,0,0,0,0,0,0,0,0,0,0,0,0,0,0,0,0,0,0,0,0,0,0,0,0,0,0,0,0,0,0,0,0,0,0,0,0,0,0,0,0,0,0,0,0,0,0,0,0,0,0,0,0,0,0,0,0,0,0,0,0,0,0,0,0,0,0,0,0,0,0,0,0,0,0,0,0,0,0,0,0,0,0,0,0,0,0,0,0,0,0,0,0,0,0,0,0,0,0,0.0038,0.794,0.719,-0.395,1.418,-0.426,-1.195,-0.741,-0.022,0.626,1.44,-1108.01310452527
2.9,0,-0.00165,-0.778,-0.717,0.454,1.641,0.677,1.47,-0.106,-0.196,-0.226,-0.788,0,0,0,0,0,0,0,0,0,0,0,0,0,0,0,0,0,0,0,0,0,0,0,0,0,0,0,0,0,0,0,0,0,0,0,0,0,0,0,0,0,0,0,0,0,0,0,0,0,0,0,0,0,0,0,0,0,0,0,0,0,0,0,0,0,0,0,0,0,0,0,0,0,0,0,0,0,0,0,0,0,0,0,0,0,0,0,0,0,0,0,0,0,0,0,0,0,0,0,0,0,0,0,0,0,0,0,0,0,0,0,0,0,0,0,0,0,0,0,0,0,0,0,0,0,0,0,0,0,0,0,0,0,0,0,0,0,0,0,0,0,0,0,0,0,0,0,0,0,0,0,0,0,0,0,0,0,0,0,0,0,0,0,0,0,0,0,0,0,0,0.0038,0.794,0.719,-0.395,1.418,-0.426,-1.195,-0.741,-0.022,0.626,1.44,-1108.01310452527
2.89999929151967,-2.84849338049404e-07,-0.00177704835769227,-0.777999947673276,-0.71700037765416,0.453999650421527,1.64099986501111,0.676999619729782,1.46999977808727,-0.106000031495647,-0.195999828392358,-0.226000024820752,-0.788000278349552,2.27351467547169e-08,5.37745011436272e-08,-1.73387725892532e-07,3.45977583532995e-08,-3.04413291078713e-08,2.44230389794227e-08,2.31744184170014e-08,8.53929241960087e-09,-7.80604351441025e-08,-3.03187022900663e-08,-1.63589373156609e-07,4.92824147247065e-08,3.37302189645402e-08,-8.08325764356288e-09,2.50312175900957e-08,-6.20416189622815e-08,-1.53396061821381e-08,-1.42346283997159e-09,9.18712232504782e-08,3.59670342136116e-08,6.52111204104181e-09,-1.31398482725101e-07,2.58240081004643e-08,3.92714000102349e-08,7.93855274371564e-09,3.53746617504131e-08,2.97626208945297e-08,4.10423135446587e-09,-1.05444470308473e-07,4.66539384913571e-08,-5.03201709315549e-05,1.23759743349772e-07,-4.63601011204889e-08,-2.14050911452087e-07,-7.30164792844403e-08,-1.62487174721962e-07,-6.10100591874602e-08,-9.84694799138154e-08,1.90957990225381e-07,-2.45986172940946e-07,3.17667993698338e-05,1.71755842742362e-07,1.63406059294456e-08,-2.46876781029846e-08,6.95821827057084e-08,-9.79093875496044e-09,1.16180881218614e-07,1.74980743919693e-07,2.19932338768727e-07,4.22676183898129e-08,-4.70768202920289e-05,-4.86887083563286e-08,-2.15774152988085e-07,-1.20313700069623e-08,-1.45034502921273e-07,-1.3389785417605e-07,-1.91193141197891e-07,-1.18739088963753e-07,-1.28887687432478e-07,-1.05551496363474e-07,1.20305381161279e-05,7.77069906406331e-08,-1.010841879775e-07,-1.06805667459722e-07,3.53590507120708e-08,-1.19565724443554e-07,-1.40958381290253e-08,1.21945806459334e-07,3.05959004076555e-08,-8.75374184261724e-09,-9.4736885163869e-05,1.36235669917385e-08,-2.07127735692815e-07,-1.33417978344661e-07,-1.55838918116014e-07,-1.56787522945405e-07,-1.72158546413556e-07,-1.38665780498696e-07,-3.3851150861424e-08,-1.95561265611651e-07,-6.4755718572366e-05,1.26596956628513e-07,-2.54352727331273e-07,-1.56149122927465e-07,1.61650734240341e-09,-2.57815995949575e-07,-5.7073989897443e-08,4.86047462480382e-08,-2.32359384108742e-10,-8.62773193393909e-08,-5.54789974167867e-05,6.37004980649213e-08,-2.01026345993431e-07,-3.30139063484992e-07,-1.28363380969861e-09,-3.25692613204253e-07,-7.75564962645947e-08,-2.65278826145716e-08,-8.25786967079515e-08,-1.05137150865234e-07,-3.26538457567849e-05,-8.81598509746512e-08,-9.82379492396445e-08,-1.15330886530975e-07,-7.06176734300862e-08,-1.22408485347034e-08,-1.09495293023968e-07,8.11540463871036e-08,4.67900357262093e-08,-1.79879942092119e-07,-7.08284596194932e-05,6.20997658897181e-08,-1.54789440201384e-07,-1.10894153769007e-07,-1.16817290472068e-07,-1.96756104273129e-07,-1.74232781774046e-07,-2.60945608665525e-07,-1.03894202654859e-07,-1.20680939296088e-07,-9.87172761004481e-05,1.17832445618478e-07,-2.53493936517359e-07,-2.77361420210024e-07,-4.73967205084927e-08,-3.36175610833917e-07,-1.41454910390703e-07,-8.92513205682723e-08,-7.00997868491008e-08,-9.66673932680481e-08,-7.01009609855195e-05,6.88653890489311e-08,-2.06669617420395e-07,-1.18832484998378e-07,-5.12732103874504e-08,-1.94025812257397e-07,-1.03509650949169e-07,-7.01984250640523e-08,-5.29698784527976e-08,-1.0319665576401e-07,-3.37649971279553e-05,-1.17481908050738e-08,-1.18523115490362e-07,-1.78162662356412e-07,-4.30195567832431e-08,-1.81354640166565e-07,-5.15585931518526e-08,-3.56560490406339e-10,-5.2339375589566e-08,-5.62795747342726e-08,-4.04486667474853e-05,-1.22024989781789e-08,-1.12818561751232e-07,-9.27433114400248e-08,-6.66761421417551e-08,-1.60740542586679e-07,-1.14222997910719e-07,-1.04566235176749e-07,-1.2527229760023e-07,-1.27767288197211e-07,-4.06428835684512e-05,1.48420248336956e-07,-1.84229064954709e-07,2.15874658829367e-09,2.82697082272997e-08,-8.51399900079265e-08,-1.03034524684847e-08,3.96103240119009e-08,1.21443322168089e-07,-9.83945434971548e-08,0.00374652140580327,0.793999910367473,0.719000063784501,-0.395000224642429,1.41800019337492,-0.426000177531224,-1.19499996353169,-0.741000163125336,-0.0220000846438401,0.62600004250233,1.44000019169623,-1105.49354489454
2.89999513339307,-2.13896413701136e-06,-0.00191353337989148,-0.777999715683834,-0.717002477244919,0.45399728006839,1.64099896865238,0.676996769948459,1.46999864620447,-0.106000038493843,-0.195998918225797,-0.225999844942563,-0.788002018531132,1.61805912877783e-07,3.91027893174606e-07,-1.29826360777076e-06,2.38505978885523e-07,-2.27425739683903e-07,1.58780677462156e-07,1.41165903154371e-07,4.08230937697143e-08,-6.00381287655341e-07,-2.46841237738502e-07,-1.22954977371906e-06,3.51529108953944e-07,2.27310626695332e-07,-8.33421454674511e-08,1.60736285003014e-07,-4.84063161371591e-07,-1.23624199201179e-07,-1.92295872419439e-08,6.82606976931877e-07,2.57965587638563e-07,3.45670145936948e-08,-9.94595887702606e-07,1.69009645714456e-07,2.8083518821671e-07,4.01296783188789e-08,2.42149653849265e-07,1.99460649354088e-07,3.11043356163345e-08,-7.85789417979607e-07,3.39735635244291e-07,-6.17851035084087e-06,8.58351618841403e-07,-1.48042005604518e-07,-1.6310448457232e-06,-5.94482648105648e-07,-1.41950781405464e-06,-2.54600164317783e-07,-6.58356251074853e-07,1.62953526417608e-06,-1.8271199378044e-06,0.000478749846034971,1.22095963335941e-06,2.32070533940888e-07,-2.5360655126475e-07,4.84494965872044e-07,-2.27397564501528e-07,9.63213764659043e-07,1.33680002784865e-06,1.76161403640685e-06,2.9079265704532e-07,-0.000146833592454821,-4.22201764395354e-07,-1.54265709195123e-06,-9.59522066349465e-08,-1.12649774078734e-06,-1.11503450770462e-06,-1.37982100798881e-06,-8.42132515585061e-07,-8.95247365611624e-07,-8.03071217046777e-07,0.000333251523903815,4.90713486448579e-07,-6.45294413040609e-07,-8.71378480014692e-07,2.67542534982116e-07,-1.05805267118111e-06,-2.12937000859166e-08,9.78121334934184e-07,3.21984204729988e-07,-9.59753321652914e-08,-0.000350040974604404,7.31130343411137e-08,-1.36687536068334e-06,-1.02221351393361e-06,-1.18457275867024e-06,-1.33067287790662e-06,-1.13341033724561e-06,-9.21570249840552e-07,-5.78345950140923e-08,-1.39979381830444e-06,1.86449725063063e-05,8.43561792900945e-07,-1.64188343609339e-06,-1.28202425093556e-06,-3.53641717372519e-09,-2.24446287815675e-06,-1.96401633716764e-07,4.96634540633131e-07,2.41595400324194e-07,-6.33421622624019e-07,2.35731680669426e-05,3.59608475929316e-07,-1.26571284591853e-06,-2.56624073857181e-06,2.20752068701843e-08,-2.67353661498634e-06,-4.31631646572521e-07,-3.76998008735695e-08,-4.40909817544488e-07,-7.53784511240496e-07,-0.000109635934937965,-6.58242740756445e-07,-6.95825061298619e-07,-8.65195322612373e-07,-5.46991047122918e-07,-1.46625861506093e-07,-7.54156936323211e-07,6.58589880823352e-07,4.42600223132228e-07,-1.32885032627595e-06,-0.000163555459745773,4.24734640947441e-07,-9.51473280164199e-07,-8.82435616877597e-07,-8.80392016109623e-07,-1.67335882757758e-06,-1.15486123721209e-06,-1.85591844204057e-06,-6.05966879964058e-07,-8.17617338639155e-07,-0.000217247741609585,7.73203863697619e-07,-1.61079670901506e-06,-2.16761004416436e-06,-3.74329833005946e-07,-2.81107401255014e-06,-8.42518726995652e-07,-5.39397703421354e-07,-2.73971421353865e-07,-6.98297845101344e-07,-0.000250035141396642,4.84803533185435e-07,-1.40051419896949e-06,-9.3318452168252e-07,-3.56390588638992e-07,-1.61781734383642e-06,-6.10236848269453e-07,-4.1752747409817e-07,-2.7032494087539e-07,-7.30120721467904e-07,8.3249822814921e-05,-1.72281108445771e-07,-7.17690758982498e-07,-1.38195270093314e-06,-3.78537904408453e-07,-1.53731118055983e-06,-2.9783794683234e-07,5.06648016635302e-08,-2.483749217545e-07,-4.07146233250896e-07,-0.000241172143240106,-6.59595348712661e-08,-8.30775508676766e-07,-6.56763648599638e-07,-4.78467254640436e-07,-1.21008635569858e-06,-8.22986435480592e-07,-7.07698657617145e-07,-9.10685399316402e-07,-8.73914716437272e-07,0.000106516425292908,1.04263289791606e-06,-1.1757927308389e-06,-6.6773936937129e-08,2.31775118444997e-07,-8.62981084451107e-07,8.48560922520066e-08,4.60314668648613e-07,1.11578124912898e-06,-6.93666478799525e-07,0.00339424039943034,0.793999418359463,0.719000443934808,-0.395001752840007,1.41800152568524,-0.426001353831793,-1.19499976243895,-0.741001346733343,-0.0220007518754779,0.626000302706527,1.44000130476863,-1101.25115238704
2.89997238457875,-1.22272161312647e-05,-0.00248839506490701,-0.777998061805477,-0.717013772859531,0.453983948109591,1.64099373363134,0.676980930628724,1.46999268974496,-0.1060007305936,-0.195994137037047,-0.225999800516395,-0.788010016011336,8.28717398946804e-07,2.28072151689828e-06,-7.28735556458355e-06,1.39585338084248e-06,-1.36608572698649e-06,9.11924094678192e-07,7.75766118672511e-07,1.99158431176326e-07,-3.50181567791376e-06,-1.50467133125356e-06,-6.62420612765184e-06,1.96365305145311e-06,1.31776381557259e-06,-3.82389624258554e-07,9.13561241882593e-07,-2.99073206425169e-06,-7.49227848431419e-07,-3.14957793683649e-07,3.81860784010666e-06,1.29425582902897e-06,2.85277246292417e-07,-5.42310156002074e-06,9.49346670487718e-07,1.62243149744172e-06,5.7413858532244e-08,1.41567071811285e-06,1.13362321728072e-06,3.79155967462478e-07,-4.18881483753392e-06,1.9466266559181e-06,0.000262097995482881,4.86173395849402e-06,-1.05283803464106e-06,-9.33977564972087e-06,-4.26102446583426e-06,-8.45327909757636e-06,-1.34138836960117e-06,-4.48131867370027e-06,8.59979872373209e-06,-9.76131174190839e-06,0.001267426741235,7.24391768083597e-06,2.66704190161505e-07,-1.36612264051715e-06,2.46854363588315e-06,-8.74689016173098e-07,4.71990978210201e-06,6.76402475706618e-06,8.60888207924166e-06,1.81709627576589e-06,0.000452300741803928,-2.54294067313939e-06,-8.04915309097602e-06,-1.30983745947043e-06,-6.80550487939411e-06,-7.36831875246667e-06,-7.11445509307169e-06,-4.95939389771125e-06,-4.72974391762543e-06,-4.36580381306821e-06,0.000344187962565819,3.27259398579803e-06,-4.63281795688897e-06,-4.81248844177232e-06,1.27282620376867e-06,-5.41822174956171e-06,-6.78705575626011e-07,4.79017720581636e-06,6.5671081280149e-07,-3.38289088176799e-07,0.000107570645261808,4.95132365460725e-08,-6.53045475469326e-06,-6.60067621124616e-06,-6.87546637804252e-06,-8.87075420995542e-06,-5.58135490114092e-06,-5.02346825684458e-06,1.73182130651463e-07,-7.15514092571288e-06,0.00051552872157631,4.79841400514119e-06,-8.94908511588556e-06,-7.69745278009077e-06,-1.61450899068482e-07,-1.28362935159053e-05,-1.28713491823827e-06,2.79233952081967e-06,1.02883300770171e-06,-2.66140203370112e-06,0.000366238202492171,1.84705070627594e-06,-7.16907630871169e-06,-1.47935290051514e-05,-2.36065533389867e-07,-1.54842681862989e-05,-2.67576250651235e-06,-5.41647140717563e-07,-3.29349401905683e-06,-3.67109436227802e-06,-7.83254294409927e-05,-3.37446059657539e-06,-3.67074140574281e-06,-5.10276940511279e-06,-3.03570718030463e-06,-1.30987591320503e-06,-3.77648091222216e-06,3.66373081851616e-06,2.63884272651969e-06,-6.79140842346082e-06,-0.000277412647706643,2.4561152269034e-06,-5.06894051637734e-06,-5.35881250396456e-06,-5.23585718462753e-06,-9.79713034746231e-06,-6.54946210570099e-06,-1.04760992434249e-05,-3.53317592569425e-06,-3.92056139895703e-06,-0.00139118879751263,4.47091432661172e-06,-9.32886320155745e-06,-1.25583159066994e-05,-2.63018834768263e-06,-1.60468598092299e-05,-4.97925983959243e-06,-3.60491627025692e-06,-2.44667106581507e-06,-3.28745455207585e-06,-0.00076200183888342,3.06769050600586e-06,-7.35011892446714e-06,-5.4370540129232e-06,-1.8214876047675e-06,-9.57122666418976e-06,-2.70639634296598e-06,-2.0495180550986e-06,-1.32982969665278e-06,-3.2081254322952e-06,7.45047692151528e-05,-1.09102400000615e-06,-4.64785855584486e-06,-8.14235097909015e-06,-2.97640073670637e-06,-8.79771675324297e-06,-2.50804587436474e-06,-6.92264403795339e-07,-2.45630253216569e-06,-2.2122045006844e-06,-0.0012179470232665,-2.80765884503276e-08,-4.55764949175084e-06,-3.32927023768956e-06,-2.49470351759043e-06,-6.45958512491822e-06,-4.41320142397436e-06,-3.45048539034953e-06,-4.83837226838108e-06,-3.97569285275019e-06,0.000780238190884663,6.07344424592867e-06,-6.62491532169644e-06,-1.29917614074545e-06,1.41728478086844e-06,-5.61465520230895e-06,6.73237923374901e-07,2.54349894975635e-06,5.66257798884691e-06,-3.28909132459145e-06,0.00311874427228287,0.79399640880759,0.719003045836913,-0.395010948504124,1.4180083498623,-0.426006396039035,-1.19499812592331,-0.741006977694486,-0.0220054628361751,0.62600137529792,1.44000683859136,-1098.1548855359
2.89993475059407,-2.88108649033018e-05,-0.00348053529398271,-0.777995124232048,-0.717032393441753,0.453961778094213,1.64098520939733,0.676954746100166,1.46998279001406,-0.106001746344791,-0.195986079466943,-0.225999971961841,-0.788022513258175,1.81194999746626e-06,5.38509635573635e-06,-1.73765022844128e-05,3.30518381174921e-06,-3.37820084185951e-06,2.14640491018167e-06,1.80553473732783e-06,4.53245274651578e-07,-8.53872925664033e-06,-3.51059842608047e-06,-1.5660766515784e-05,4.63446229756426e-06,3.09873349323705e-06,-8.78444194095031e-07,2.13127082242971e-06,-7.27333990492058e-06,-1.70298651919173e-06,-8.47108785535344e-07,9.06546448216562e-06,2.90670892292675e-06,6.36468746149657e-07,-1.24358992310721e-05,2.18643951646918e-06,3.79802409923648e-06,-4.82674838234057e-09,3.34677983585671e-06,2.65792917321235e-06,1.04419293417254e-06,-9.68711940734446e-06,4.67305169007408e-06,0.000210793255361463,1.16134374991739e-05,-2.78795373925431e-06,-2.21875834159065e-05,-1.04253409873305e-05,-1.99485727687529e-05,-3.39377753678968e-06,-1.11372464034263e-05,1.96949387296624e-05,-2.27089383092349e-05,0.00228400023920144,1.72784548856319e-05,5.45973652957388e-08,-3.12856215169264e-06,5.72736471230286e-06,-1.89343386833212e-06,1.08214449512476e-05,1.57088343466871e-05,1.96347119868574e-05,4.38717967381213e-06,0.000789899647986482,-6.02657022289245e-06,-1.91338324167421e-05,-3.48719283419936e-06,-1.63539422175467e-05,-1.75026295522609e-05,-1.69706619107349e-05,-1.22047209813781e-05,-1.15593644779214e-05,-1.02796507372491e-05,0.000472921080818109,7.95258765990928e-06,-1.12738404803702e-05,-1.1406906902515e-05,2.92958409367359e-06,-1.27832985902604e-05,-1.70852985158238e-06,1.11761865513998e-05,1.14704611860133e-06,-6.10163607292015e-07,0.000280323938470675,-5.25907782101713e-08,-1.52486002507701e-05,-1.60142019800964e-05,-1.6280252923653e-05,-2.11147750592089e-05,-1.33158088335672e-05,-1.20638626518153e-05,2.56642902437604e-08,-1.65561799968157e-05,0.00141807659726046,1.1563526418175e-05,-2.09239021279108e-05,-1.84089595573263e-05,-2.48995183153695e-07,-3.03414107595329e-05,-3.095791753797e-06,6.7666969108249e-06,2.26054984082079e-06,-5.35379820676837e-06,0.000869404888531282,4.21896804386098e-06,-1.69413711078781e-05,-3.52675791073786e-05,-6.58264627197461e-07,-3.674103959555e-05,-6.60412855841297e-06,-1.45033118610239e-06,-8.3082991068264e-06,-8.36782131832547e-06,-0.000972231572658964,-7.73270774360187e-06,-8.96349101635176e-06,-1.21466523901305e-05,-7.03331510139467e-06,-2.82035394310941e-06,-9.15311921922093e-06,8.38699665586654e-06,5.6868851615266e-06,-1.56928643178012e-05,0.000520023638397029,5.99602748564305e-06,-1.13651784829169e-05,-1.27930946370278e-05,-1.24133336468548e-05,-2.35682982132e-05,-1.51489452322429e-05,-2.43664571259852e-05,-7.81323345613429e-06,-8.44822480175675e-06,-0.00235003413645044,1.06907861652756e-05,-2.1633562220912e-05,-2.98379515126181e-05,-6.32223191159586e-06,-3.84211452299272e-05,-1.14140481643187e-05,-8.27760940058214e-06,-5.68190364798317e-06,-6.91710199525999e-06,-0.000788599119389818,7.51408780548676e-06,-1.66968123914418e-05,-1.26547727934911e-05,-4.05843216396592e-06,-2.29296356016992e-05,-5.65926826518065e-06,-4.20305812608396e-06,-2.5881086454819e-06,-6.67846745577056e-06,-0.000464670443721627,-2.5769193477116e-06,-1.15142755272933e-05,-1.96002013572785e-05,-7.47430295251648e-06,-2.07358213342634e-05,-6.60449523724778e-06,-2.35278144624516e-06,-6.59313796876575e-06,-5.19869258081375e-06,-0.0024530843890497,1.9990086212366e-07,-1.05833172416442e-05,-7.42575499102283e-06,-5.79335307039735e-06,-1.50327756646495e-05,-1.01988279734071e-05,-7.59576683709343e-06,-1.10050430646834e-05,-8.54454614311174e-06,0.0013209786052463,1.44783646591561e-05,-1.59975746994422e-05,-3.40432419130595e-06,3.22268247111101e-06,-1.33504755384247e-05,1.37399179289038e-06,5.7173082171077e-06,1.26245444616877e-05,-7.46355937978419e-06,0.00351922184644655,0.793991204007076,0.719007017482767,-0.395026997181344,1.41801937324453,-0.426014046306432,-1.19499507381819,-0.741015840859787,-0.0220133216711974,0.626002607055288,1.44001591986456,-1095.40824230897
2.89991235731905,-3.83947782468007e-05,-0.00363760269547024,-0.777992778116019,-0.717043777913596,0.453948554498278,1.64098016339757,0.676938762404062,1.46997688397101,-0.106001310536849,-0.19598041904066,-0.22599906211608,-0.788029784861319,2.38562808963678e-06,7.33237585516356e-06,-2.36610200159473e-05,4.47902388231433e-06,-4.78764954628994e-06,2.89268056251681e-06,2.4324903955841e-06,6.55417892713532e-07,-1.1853407343359e-05,-4.67314439132575e-06,-2.11441403526955e-05,6.39073837541616e-06,4.23956672570883e-06,-1.16385303974277e-06,2.89888926253586e-06,-1.00542729558652e-05,-2.28732626223417e-06,-1.23916870910541e-06,1.24104429267319e-05,3.86108828893195e-06,8.05504777515816e-07,-1.65796255833777e-05,2.93051273735442e-06,5.17798482520387e-06,-7.57972343177085e-08,4.52996513053981e-06,3.595746803506e-06,1.48302605084299e-06,-1.30134539590042e-05,6.45004935297492e-06,0.000114551169049373,1.6409373240374e-05,-3.71316902987762e-06,-2.97550093796535e-05,-1.42950424836048e-05,-2.66180307648552e-05,-4.47738027767702e-06,-1.49959180189614e-05,2.7295038115598e-05,-3.05994041451563e-05,0.0026068170810473,2.40500951563187e-05,-2.81919451310444e-07,-3.88521496901974e-06,7.95424542392368e-06,-2.11962318077341e-06,1.45641184895064e-05,2.1696345170311e-05,2.67352201059284e-05,6.33073753299846e-06,0.00079450933208822,-8.11648350248533e-06,-2.63064184225133e-05,-4.55748831577537e-06,-2.25669934476732e-05,-2.3639980505668e-05,-2.32734823046704e-05,-1.68709387034386e-05,-1.57834869770221e-05,-1.40833073661943e-05,0.000346760249668407,1.12531181519605e-05,-1.56071377680717e-05,-1.54634228482359e-05,4.15028821120972e-06,-1.72322022687188e-05,-2.47194653655177e-06,1.54959260510804e-05,1.51222319438934e-06,-5.05372106300413e-07,0.000653591312633381,1.73498307985459e-08,-2.06436843158592e-05,-2.13594240324604e-05,-2.22809562706061e-05,-2.84435867606984e-05,-1.8003526300491e-05,-1.60895877950298e-05,4.86179113401953e-07,-2.24133101676389e-05,0.0016633087815946,1.62978075035899e-05,-2.85846527112825e-05,-2.4661982334576e-05,8.77631809267487e-09,-4.08829759549224e-05,-4.31603928421952e-06,9.72921128491424e-06,3.31654643432232e-06,-6.65648368646588e-06,0.000873130675897832,6.08617035325091e-06,-2.32178293250593e-05,-4.79153441677721e-05,-6.56952462659809e-07,-4.97267732701466e-05,-9.13898842811744e-06,-1.73448381197072e-06,-1.12630466139197e-05,-1.11637160079055e-05,-0.00127722858457193,-1.04329283275544e-05,-1.2206724197783e-05,-1.63030641840615e-05,-9.59407837377549e-06,-3.50915057179947e-06,-1.24196314194519e-05,1.18041924368952e-05,7.97530985654446e-06,-2.11152009526414e-05,0.000992334156978483,8.68631430333383e-06,-1.53324859397855e-05,-1.70123475033248e-05,-1.68562146767488e-05,-3.19441757036984e-05,-2.05984675191601e-05,-3.29760314653219e-05,-1.01395257121959e-05,-1.09505219972244e-05,-0.00262549918235763,1.50492798416627e-05,-2.90935265630796e-05,-4.03526923818891e-05,-8.19194507726993e-06,-5.23642628080179e-05,-1.52582452056643e-05,-1.05008800224925e-05,-7.1274229460186e-06,-8.67834664589388e-06,-0.000790296490117802,1.07177926542317e-05,-2.25173845456275e-05,-1.67130912165413e-05,-5.1969166640115e-06,-3.10517766789846e-05,-7.31162954162275e-06,-5.13569590544646e-06,-3.00883611729426e-06,-8.47022931807424e-06,-0.000421566578004643,-3.46073890672706e-06,-1.56285844017513e-05,-2.67042134844753e-05,-1.03558009690257e-05,-2.82458027951153e-05,-9.11998409654445e-06,-3.06898704878677e-06,-8.82425137400305e-06,-6.91556306317867e-06,-0.00273493720814821,4.8425879981865e-07,-1.41151330858935e-05,-9.61976642259142e-06,-7.78924585703106e-06,-2.0231834485316e-05,-1.36872087487279e-05,-9.68780720291595e-06,-1.44181140572181e-05,-1.09857556646343e-05,0.000959228469396042,2.00949188407476e-05,-2.21429748769148e-05,-4.42469777743989e-06,4.5680964101444e-06,-1.77483964772039e-05,1.63704956080719e-06,7.77135188728401e-06,1.70325373779724e-05,-1.01003043048771e-05,0.0031676674147683,0.793987835536361,0.719009278742509,-0.395037483038987,1.4180267619786,-0.426018688711385,-1.19499283448556,-0.741020794918974,-0.0220186255180474,0.62600320608438,1.44002235232848,-1094.68348468072
2.89988232053074,-5.13664063460105e-05,-0.00362884922658897,-0.777989754476571,-0.717058986741284,0.453930635953439,1.64097339645015,0.676917215930871,1.46996873659074,-0.106000591897499,-0.195972873377862,-0.225997846500007,-0.788039399487518,3.06243775705762e-06,9.90557108906929e-06,-3.21149811702468e-05,6.00801662025936e-06,-6.74936670214776e-06,3.88119595656453e-06,3.25945534403177e-06,9.18777452075974e-07,-1.64257229633154e-05,-6.30828888718638e-06,-2.84463647951292e-05,8.77697025580926e-06,5.75587560877488e-06,-1.54620685469188e-06,3.91931541278683e-06,-1.38783152927091e-05,-3.13144309350872e-06,-1.75640415497057e-06,1.69157480296433e-05,5.07589494457651e-06,9.72894323289609e-07,-2.21310903013299e-05,3.89840824914546e-06,7.01858028769084e-06,-2.16673577320546e-07,6.09360661657988e-06,4.81840957917041e-06,2.06568776705657e-06,-1.74959943335885e-05,8.83162283143189e-06,0.000178118835675758,2.2853806363852e-05,-4.78760296329988e-06,-3.99005023535762e-05,-1.94967400967357e-05,-3.54875535893434e-05,-5.93149805352497e-06,-1.9987965915732e-05,3.76947094129606e-05,-4.10613846236145e-05,0.00307542671883395,3.30396240944245e-05,-6.65492284125808e-07,-4.95400712121378e-06,1.10515954398807e-05,-2.37790309057315e-06,1.94425262106795e-05,2.98483492151164e-05,3.62641419722273e-05,8.90831018061214e-06,0.000770804390617672,-1.08014630714201e-05,-3.60658177555558e-05,-6.04859102142919e-06,-3.10285624510058e-05,-3.19404124870179e-05,-3.17682154228019e-05,-2.32464520668659e-05,-2.1507043797949e-05,-1.90679232186185e-05,0.000440509908911805,1.55731198684466e-05,-2.14045194058422e-05,-2.10251814085884e-05,5.74182088365679e-06,-2.34009473330359e-05,-3.62610070417864e-06,2.13467380805846e-05,1.94952829320109e-06,-3.54672989123253e-07,0.000960779544909423,1.83376327874449e-07,-2.79430345156202e-05,-2.84923487181355e-05,-3.03325160750232e-05,-3.80844805255041e-05,-2.43763194442547e-05,-2.14780621618818e-05,1.09909914673355e-06,-3.01669434781604e-05,0.00169332766533848,2.26454818774342e-05,-3.91845911595047e-05,-3.31465965822771e-05,2.38012272900188e-07,-5.50315165204435e-05,-6.23703038977914e-06,1.35480826379887e-05,4.46095841397766e-06,-8.45188482895648e-06,0.000756293956341117,8.42574134723182e-06,-3.17379854349443e-05,-6.50404458328821e-05,-6.20914944045169e-07,-6.71570032858817e-05,-1.28044786761496e-05,-2.14725335922736e-06,-1.54022199470666e-05,-1.50270310012534e-05,-0.0014518949764744,-1.4048007905292e-05,-1.63849910565463e-05,-2.18972597473331e-05,-1.29758731077621e-05,-4.43409966438058e-06,-1.67554952034695e-05,1.65840349111932e-05,1.11758007392312e-05,-2.8166578108866e-05,0.00130522608177039,1.23801253457875e-05,-2.09212353801324e-05,-2.26364948879322e-05,-2.28884734820485e-05,-4.3023485970419e-05,-2.8189470118935e-05,-4.46721476984929e-05,-1.34317770190242e-05,-1.43052880324691e-05,-0.00295378547796142,2.07632086223181e-05,-3.91848073303844e-05,-5.46819218391223e-05,-1.06801211920043e-05,-7.12181092644806e-05,-2.06993624718468e-05,-1.35090708192159e-05,-9.22324320207419e-06,-1.10766281674828e-05,-0.000875549490381792,1.50528932321899e-05,-3.04598187030331e-05,-2.20948164744994e-05,-6.78927732723625e-06,-4.19242962601344e-05,-9.61290462733849e-06,-6.392916927408e-06,-3.61917830419335e-06,-1.08477142437878e-05,-0.000154896522896519,-4.85642617715942e-06,-2.10350995515554e-05,-3.64365493559846e-05,-1.42481240771694e-05,-3.84441049531252e-05,-1.27022075131135e-05,-4.03557671091518e-06,-1.18613709170444e-05,-9.2195451443666e-06,-0.00293559874436933,9.107334140178e-07,-1.87380940984843e-05,-1.24723496232016e-05,-1.04186656851544e-05,-2.71617421222112e-05,-1.82936501282042e-05,-1.230669572565e-05,-1.88266818062151e-05,-1.41043179207929e-05,0.000457692354276785,2.75496811285966e-05,-3.04666450143276e-05,-5.96299993568778e-06,6.31730174199567e-06,-2.3732594834359e-05,1.7387443720917e-06,1.03977065917747e-05,2.27971709270179e-05,-1.37148915785096e-05,0.00335562826522822,0.793983101666781,0.719012501122221,-0.395051552455093,1.41803662587025,-0.426025283942893,-1.1949897313574,-0.741027407464733,-0.0220260282359044,0.626003935880622,1.44003100905482,-1094.51168700664
2.89986470950775,-5.88770803933146e-05,-0.00358595939287829,-0.777987980488335,-0.717067975011823,0.453920113323666,1.6409695474415,0.676904615576277,1.46996377390854,-0.105999813817349,-0.195968278181296,-0.225997029050902,-0.788045041518473,3.46120235909668e-06,1.14490373001317e-05,-3.7156868959226e-05,6.91510185232676e-06,-7.91213431436556e-06,4.49159696425255e-06,3.76953036694224e-06,1.09148351024974e-06,-1.91627945689102e-05,-7.23790916661247e-06,-3.26900818402144e-05,1.02344603176533e-05,6.66887708662206e-06,-1.74481035416283e-06,4.50965517578769e-06,-1.61583126535864e-05,-3.64476040132669e-06,-2.07519551890124e-06,1.96422002568675e-05,5.82052569783259e-06,1.063066836337e-06,-2.53611373974468e-05,4.48548277876619e-06,8.11509612534864e-06,-3.09180531048153e-07,7.02877838234226e-06,5.55477425800713e-06,2.45811756639285e-06,-2.01170223273233e-05,1.02737653595033e-05,0.000206102088129288,2.68012291191298e-05,-5.42303243085884e-06,-4.57892658525792e-05,-2.24997851589506e-05,-4.0548531217911e-05,-6.83440879790058e-06,-2.27131557895318e-05,4.39792225031372e-05,-4.71508196676235e-05,0.00306984137253636,3.83794853809145e-05,-9.71161457883093e-07,-5.48693809941029e-06,1.2991734456352e-05,-2.22504449769721e-06,2.21215180627536e-05,3.47884676674782e-05,4.18526099695444e-05,1.04043138048691e-05,0.000849075539372511,-1.2318134562427e-05,-4.19093110745322e-05,-6.91947710859031e-06,-3.60435841749985e-05,-3.69459856079933e-05,-3.67588979473063e-05,-2.6969843834773e-05,-2.48664737728754e-05,-2.19558882007581e-05,0.000545555208178709,1.81019519184645e-05,-2.49209993391523e-05,-2.428160583736e-05,6.60448426491694e-06,-2.70500756710573e-05,-4.47763743209258e-06,2.48570054492914e-05,2.13507507561165e-06,-2.61504883809759e-07,0.00098603287794047,3.41738849974679e-07,-3.22775788304525e-05,-3.26288161473608e-05,-3.49243025573406e-05,-4.35862082067254e-05,-2.81325732607099e-05,-2.44604987091886e-05,1.55146632267739e-06,-3.47603245196434e-05,0.00168021289801006,2.64560235024508e-05,-4.55618625653603e-05,-3.80177291500962e-05,3.7222006390896e-07,-6.32869255405481e-05,-7.50637375492061e-06,1.59570664052646e-05,5.18376215212556e-06,-9.45800077151439e-06,0.000675083414956596,9.75013564767993e-06,-3.68169469784491e-05,-7.51969614453776e-05,-4.99290335341788e-07,-7.74363153059938e-05,-1.51082809575527e-05,-2.25023030570321e-06,-1.78841722078788e-05,-1.73515903680597e-05,-0.00154235840256887,-1.61638856581266e-05,-1.88276281773878e-05,-2.51943671560465e-05,-1.490661500468e-05,-4.90277551331033e-06,-1.93051400284598e-05,1.95723053488095e-05,1.31580181972003e-05,-3.23095950539365e-05,0.00131874048395162,1.46429820154389e-05,-2.43321309342973e-05,-2.58233422519703e-05,-2.64058485484602e-05,-4.9388303632277e-05,-3.28530441894448e-05,-5.15302039644863e-05,-1.54356136963286e-05,-1.62153431057894e-05,-0.00305542052247894,2.41039247464308e-05,-4.51240444116286e-05,-6.31518216670746e-05,-1.2031044165424e-05,-8.23526970645095e-05,-2.40436358426353e-05,-1.50683477656097e-05,-1.04269186304459e-05,-1.24538830966063e-05,-0.000785460876344852,1.76447584144679e-05,-3.51215867750769e-05,-2.51793151377906e-05,-7.75880012219344e-06,-4.83529165662826e-05,-1.09375278453732e-05,-7.00150985017265e-06,-3.85240749313219e-06,-1.21977317496143e-05,-0.00013697366880477,-5.73983825476281e-06,-2.42934767197198e-05,-4.22262718517699e-05,-1.64131603586232e-05,-4.43800768309137e-05,-1.50159826551283e-05,-4.50252491762899e-06,-1.37717184284267e-05,-1.06084768555195e-05,-0.00295004809358979,1.177585155961e-06,-2.13852684579113e-05,-1.40980918428889e-05,-1.19278249748452e-05,-3.1217223234908e-05,-2.09853158893365e-05,-1.37275051973728e-05,-2.13364549489748e-05,-1.58650442026765e-05,0.000417359171057626,3.19191254731978e-05,-3.5311280546049e-05,-6.9024056366391e-06,7.33209064310703e-06,-2.74089655366529e-05,1.79833855072588e-06,1.20323564339361e-05,2.63591436413242e-05,-1.59110584211742e-05,0.0033361990530533,0.793980216034389,0.719014412854244,-0.395059874225464,1.41804255006321,-0.426029178273946,-1.1949878515675,-0.741031332980775,-0.0220306518101382,0.626004450764376,1.44003640916273,-1094.43383498732
2.89983166736172,-7.29230550818613e-05,-0.00352256635165907,-0.777984692712347,-0.717084763980889,0.453900309731019,1.64096245084139,0.676881032004495,1.46995439092851,-0.105998273193818,-0.195959650816032,-0.225995521041006,-0.788055575422765,4.19933921419718e-06,1.43375084396024e-05,-4.65990294635692e-05,8.59613964589594e-06,-1.01012650819851e-05,5.6212873649851e-06,4.71350309556248e-06,1.41686580849942e-06,-2.43045015588097e-05,-9.00421753341093e-06,-4.06756362978271e-05,1.29448927782479e-05,8.35951199627445e-06,-2.11304413979722e-06,5.59913235477976e-06,-2.04523138096517e-05,-4.66759308028301e-06,-2.70510832447337e-06,2.4741398175583e-05,7.19062956417656e-06,1.20906623808925e-06,-3.14315685156036e-05,5.57086712828927e-06,1.01580614453966e-05,-5.0463034611913e-07,8.76516435215353e-06,6.91504221349642e-06,3.19307012942193e-06,-2.50448633722722e-05,1.29810174562803e-05,0.000174726696833294,3.42149854339531e-05,-6.61857404716775e-06,-5.68209060194513e-05,-2.80607738225479e-05,-4.99279912895345e-05,-8.60009538574891e-06,-2.77680601305773e-05,5.57585467507303e-05,-5.85408867532555e-05,0.00299971605862287,4.83757176529232e-05,-1.53309246612822e-06,-6.50972104506556e-06,1.66547737131733e-05,-1.88262102366372e-06,2.70803913425537e-05,4.40609707919167e-05,5.22898080380355e-05,1.32074142756745e-05,0.000882474626848985,-1.51309448048746e-05,-5.29197151887072e-05,-8.56024347992121e-06,-4.54051487847523e-05,-4.62827941906343e-05,-4.61590341752081e-05,-3.39526731728892e-05,-3.1218434172913e-05,-2.734800880593e-05,0.000644656540421664,2.28331343419074e-05,-3.15209839087657e-05,-3.04255426936372e-05,8.23662437585045e-06,-3.38391263775424e-05,-6.14122538742908e-06,3.14104816780754e-05,2.42420513982287e-06,-9.9645093809178e-08,0.00103151712215782,6.37298030011252e-07,-4.03820130444254e-05,-4.03732505966719e-05,-4.34714633319116e-05,-5.38561518890815e-05,-3.51941951898366e-05,-2.9972192339551e-05,2.41212716389007e-06,-4.33206490931283e-05,0.00163591252349298,3.35922773662845e-05,-5.7464937640539e-05,-4.71963451748986e-05,6.63913162949768e-07,-7.87533563125358e-05,-9.88534748325513e-06,2.05115000990109e-05,6.54627407776678e-06,-1.13212995709168e-05,0.000663577690514834,1.21825055934601e-05,-4.62063413840239e-05,-9.43123442437937e-05,-1.95996237695994e-07,-9.67621983330459e-05,-1.93842332633251e-05,-2.35613408324445e-06,-2.24399419073254e-05,-2.16928348453452e-05,-0.00173816457543029,-2.01111178492958e-05,-2.34155909296222e-05,-3.13696656227498e-05,-1.84848833373778e-05,-5.75929711860117e-06,-2.41038559946839e-05,2.51992169566223e-05,1.68531101841827e-05,-4.00280553652271e-05,0.0013351736269328,1.88697355029679e-05,-3.06896142288245e-05,-3.185145074649e-05,-3.29642988140062e-05,-6.13135394231176e-05,-4.1610931418099e-05,-6.43504646451947e-05,-1.91955235868586e-05,-1.97831742582018e-05,-0.00320713538126379,3.02989462899757e-05,-5.61785250004173e-05,-7.91390933497958e-05,-1.44726374994598e-05,-0.000103251094707615,-3.03597080531554e-05,-1.7922835254121e-05,-1.27010233020743e-05,-1.50343033357394e-05,-0.000742868072643532,2.25235819518674e-05,-4.39040718108199e-05,-3.09460555327542e-05,-9.56367840032106e-06,-6.03082276206345e-05,-1.34970746393902e-05,-8.13820093866323e-06,-4.34676261944799e-06,-1.46984497831487e-05,-6.86470062818322e-06,-7.45725214964248e-06,-3.03121541529538e-05,-5.31492783394818e-05,-2.03859797388802e-05,-5.5551882408648e-05,-1.93620629628116e-05,-5.3100250524559e-06,-1.73337357979063e-05,-1.3206952591637e-05,-0.00293586030259341,1.6610176756544e-06,-2.6286169276792e-05,-1.71787124735741e-05,-1.47494746518389e-05,-3.88252542857076e-05,-2.60110249993105e-05,-1.63795225654982e-05,-2.59801454683694e-05,-1.91794357705519e-05,0.000437607700734884,4.00431164197251e-05,-4.42699252982265e-05,-8.75935372417463e-06,9.30198041518878e-06,-3.43438756148194e-05,1.90227226173152e-06,1.51466741846601e-05,3.3079565005231e-05,-2.00402531181358e-05,0.00333008451919534,0.793974778532843,0.719017998255033,-0.395075369819801,1.4180536899747,-0.426036608508657,-1.19498441508464,-0.741038662310999,-0.0220393555452353,0.626005333619781,1.44004660412759,-1094.36091028485
2.89964985001714,-0.000150213078785352,-0.00307306501853901,-0.777966619904945,-0.71717699728092,0.453791053172516,1.64092371441086,0.676751181112288,1.46990270018782,-0.105989558731177,-0.195912233358153,-0.225987170436204,-0.788113369662469,8.21601340936651e-06,3.03592704814408e-05,-9.85181261657081e-05,1.7889355756332e-05,-2.21673031560951e-05,1.18883191947819e-05,9.97769665183019e-06,3.30464715247332e-06,-5.25605216951639e-05,-1.86107665853196e-05,-8.4492878904321e-05,2.79455543479472e-05,1.76909600465569e-05,-4.00247720063811e-06,1.16680727844493e-05,-4.41000576765075e-05,-1.03785458066888e-05,-6.25139591734359e-06,5.29463272858253e-05,1.4742737461067e-05,2.08531241112664e-06,-6.47122546589781e-05,1.1611403125475e-05,2.15426593651436e-05,-1.55498397131771e-06,1.83845499663051e-05,1.44426832932669e-05,7.32488704878224e-06,-5.20845747023332e-05,2.79872015390653e-05,0.000193243978283747,7.50558937207394e-05,-1.29534377074759e-05,-0.000117851166487211,-5.83203241109558e-05,-0.000101645768293624,-1.81922986933317e-05,-5.53682488984552e-05,0.000120877819966089,-0.000121225498829027,0.00292689134403397,0.000103243702905765,-4.50925687159449e-06,-1.24309830209287e-05,3.68565062026536e-05,-3.19468335240408e-07,5.44003537387456e-05,9.51659083258624e-05,0.000109699668285905,2.85730029989674e-05,0.00045317986821347,-3.03675549905715e-05,-0.000113667589361655,-1.75721370796606e-05,-9.67634788390301e-05,-9.73134185847697e-05,-9.79769007451702e-05,-7.24390990700514e-05,-6.6308764897204e-05,-5.68360420227151e-05,0.000908314275385252,4.87591709072866e-05,-6.77895564615094e-05,-6.45167091205375e-05,1.72657609250898e-05,-7.11528282493232e-05,-1.5414690759371e-05,6.73187802150276e-05,3.88755132877665e-06,5.92678801908652e-07,0.00135914392932122,2.34348317957941e-06,-8.49968613487396e-05,-8.29167249292522e-05,-9.04132533243984e-05,-0.000110351032585991,-7.40268399515601e-05,-6.01045509472131e-05,7.2026001425145e-06,-9.01982648349762e-05,0.00160922941769336,7.28701752482695e-05,-0.000122565084617588,-9.79385805105523e-05,2.44426322365094e-06,-0.000163971894277311,-2.27514640991909e-05,4.5795714120468e-05,1.43330736561114e-05,-2.14013707110458e-05,0.000718308105326444,2.55250734627125e-05,-9.75832651610349e-05,-0.000199750864978759,1.66458960560288e-06,-0.000203225462779546,-4.26684381777636e-05,-2.80086981948944e-06,-4.72416735867045e-05,-4.55712558065895e-05,-0.00237800570803122,-4.18180759922775e-05,-4.84482894243079e-05,-6.5474711913917e-05,-3.79858096084903e-05,-1.0709397946697e-05,-5.0338160228121e-05,5.64580066921653e-05,3.73673680702255e-05,-8.2248183127986e-05,0.00116339771904732,4.22000587440005e-05,-6.56870476768886e-05,-6.51784124313521e-05,-6.90710861555958e-05,-0.000126847258120384,-8.98636804364821e-05,-0.000135106897020405,-3.98335865814434e-05,-3.95781292902417e-05,-0.00399299715374474,6.43021957020079e-05,-0.000116862001889757,-0.000167625447698696,-2.75239515898058e-05,-0.000218552755530088,-6.50970136685696e-05,-3.34783170678523e-05,-2.53926424348448e-05,-2.9162364000917e-05,-0.000445336673978391,4.93987609581449e-05,-9.22111316221287e-05,-6.26756346720368e-05,-1.93818382551679e-05,-0.000126057122774433,-2.75713950407362e-05,-1.41845605979821e-05,-6.99181854762634e-06,-2.83393575953115e-05,3.40829719442634e-05,-1.69516247864917e-05,-6.36897163556394e-05,-0.000113343106050611,-4.21156061430667e-05,-0.000116735500467409,-4.36747028486103e-05,-9.95256357632637e-06,-3.74151944528263e-05,-2.75668555314724e-05,-0.0026845686325307,4.28059292568693e-06,-5.29523164110243e-05,-3.41580502375289e-05,-3.0247880283601e-05,-8.05748976748961e-05,-5.36107152575719e-05,-3.0921624104097e-05,-5.1144565125222e-05,-3.74929274414207e-05,0.000549816973053544,8.46511648564229e-05,-9.34007250410713e-05,-1.91500248830992e-05,2.00333972760114e-05,-7.24303163185311e-05,2.35702820431741e-06,3.21087899996384e-05,7.02568542784459e-05,-4.30027543166451e-05,0.00330434129185159,0.793944955804521,0.719038133990816,-0.395159958883369,1.41811503862618,-0.426077576286769,-1.19496603400895,-0.741078637005938,-0.0220874404618971,0.626010558114814,1.44010281170264,-1094.32463934004
2.89950229212788,-0.000212946543545483,-0.00269128127700512,-0.777952095589924,-0.717251682333838,0.453702510700644,1.64089220057967,0.676645959836119,1.46986037173579,-0.105982666727494,-0.195873630763477,-0.225980256559626,-0.788160495596131,1.15759886600136e-05,4.34854710848888e-05,-0.000140682616001182,2.55098480414485e-05,-3.18277628190856e-05,1.70374304165001e-05,1.43081546184177e-05,4.97748688571822e-06,-7.54068031114388e-05,-2.62875946477784e-05,-0.000119907081497742,4.01397789910606e-05,2.53267777530348e-05,-5.46802095693724e-06,1.66691223185768e-05,-6.32984344071089e-05,-1.49755013316507e-05,-9.07728078725853e-06,7.59335614062967e-05,2.09067540940863e-05,2.88569379500553e-06,-9.16060683471406e-05,1.65910167474043e-05,3.088955354542e-05,-2.32393071479641e-06,2.62503721659081e-05,2.0616769057328e-05,1.05998018786077e-05,-7.40898191103954e-05,4.02534133560422e-05,0.000175683168627462,0.000108196573466867,-1.80272317312218e-05,-0.000167386368002253,-8.30605357872851e-05,-0.000143567050296588,-2.61120010190456e-05,-7.80308339590479e-05,0.000173986193841166,-0.00017236354109914,0.00282819797959303,0.000147821082131225,-6.80677765051576e-06,-1.73861235340888e-05,5.34438126013601e-05,8.67287300822269e-07,7.66089671339477e-05,0.000136658056311005,0.000156218616720436,4.11538474359691e-05,0.0003268825523237,-4.28422837377562e-05,-0.000162665867318018,-2.46862946909876e-05,-0.000138617581462119,-0.000138517347463671,-0.00014006100846043,-0.0001036600087346,-9.43927788584966e-05,-8.08691536785191e-05,0.000956440828707885,6.97779038075894e-05,-9.71028554133566e-05,-9.23072844899346e-05,2.46663805148724e-05,-0.000101281949121331,-2.31050386251565e-05,9.63011713014455e-05,5.16100490115231e-06,1.0478439334122e-06,0.00139410497226975,3.58962684159614e-06,-0.000121333583777639,-0.000117171789323718,-0.000128895302964169,-0.000156026118639669,-0.000105860052847361,-8.48547299249789e-05,1.0960041905751e-05,-0.000128497847429123,0.00185737146993338,0.000104615799202266,-0.000174939553170544,-0.000139053399987692,3.88060096087959e-06,-0.000233102141443439,-3.31129523540312e-05,6.63888221243512e-05,2.10498116695838e-05,-2.97069296648273e-05,0.000536579729123168,3.61620969896002e-05,-0.000139215871148609,-0.000285176243738639,2.87890181919841e-06,-0.000289422008042348,-6.17959719495738e-05,-3.53236948963374e-06,-6.7180125065637e-05,-6.54260871176577e-05,-0.00272611606101304,-5.94944639407632e-05,-6.86289996757695e-05,-9.3279034672635e-05,-5.37825393603435e-05,-1.48653903548527e-05,-7.16778367131337e-05,8.18019010864922e-05,5.40063669479208e-05,-0.000116499326592633,0.00104019780100957,6.11041298267772e-05,-9.3977179500437e-05,-9.20753357602236e-05,-9.86046053154087e-05,-0.000179880087899273,-0.000129070745792661,-0.000192785040374397,-5.62047990669632e-05,-5.59953460339299e-05,-0.00422194300360102,9.17724350572936e-05,-0.000165768629391925,-0.000239726620335668,-3.78381040159522e-05,-0.000312477058499515,-9.32917781373311e-05,-4.59981093287493e-05,-3.55851396714629e-05,-4.06318755367756e-05,-0.000624104268700529,7.13749769052959e-05,-0.000131565691295291,-8.82985869701643e-05,-2.73020024747946e-05,-0.000179095270180523,-3.92335464426235e-05,-1.91697438560801e-05,-9.22851840597001e-06,-3.93444812767875e-05,-2.50940453866748e-05,-2.49333526258221e-05,-9.07406173944393e-05,-0.000162069835811673,-5.98504948275122e-05,-0.000166256167670607,-6.37438682021385e-05,-1.39339652052841e-05,-5.37857667466791e-05,-3.95545675736087e-05,-0.00268426992104726,6.4103370986391e-06,-7.45560038762805e-05,-4.7984247018745e-05,-4.28864893078468e-05,-0.000114261473672858,-7.61362478931549e-05,-4.29488713375937e-05,-7.14475434558802e-05,-5.25603172115249e-05,0.0005624515194342,0.000120873811000325,-0.000133242294569942,-2.74474328766824e-05,2.85737961306557e-05,-0.000103197376711334,2.59192393999929e-06,4.56448352811862e-05,0.000100589262732218,-6.17997784643784e-05,0.00332775034958805,0.793921161622256,0.719054909022862,-0.395228502638936,1.41816481175213,-0.426110780194512,-1.19495146293062,-0.741111581108742,-0.0221262959612076,0.626015087010363,1.44014876582664,-1094.30177512328
2.89929446682155,-0.000301294008060447,-0.00219008674644676,-0.777931658568157,-0.717356925738117,0.453577996489784,1.64084780529813,0.676498001128718,1.46980029684279,-0.105972725177962,-0.195818947243803,-0.225970387739829,-0.788226921478771,1.63410149410522e-05,6.20347342567655e-05,-0.000200136161206359,3.62878571225676e-05,-4.53945689963218e-05,2.43043011350679e-05,2.04146315440256e-05,7.43917598809154e-06,-0.000107622257746159,-3.71389825465929e-05,-0.000169874481390454,5.73751818949241e-05,3.61166469117807e-05,-7.5496300984222e-06,2.37463901370099e-05,-9.04344255524383e-05,-2.14533985763144e-05,-1.30422973809618e-05,0.000108406165723117,2.96458728636674e-05,4.01571690766218e-06,-0.000129545895779199,2.36181862111218e-05,4.41117937866027e-05,-3.4306080031033e-06,3.73575957208174e-05,2.93339256539449e-05,1.51575418251625e-05,-0.000105117487459833,5.75734071694588e-05,0.000165731966188195,0.000155072556453834,-2.50843275922184e-05,-0.000237012240132099,-0.00011804174298755,-0.000202396134460997,-3.73105765373038e-05,-0.000109974791081402,0.000249308675181435,-0.000244580056630712,0.00275690604618484,0.000210738125783952,-9.90675744556582e-06,-2.43611569048569e-05,7.701045658756e-05,2.63712355252045e-06,0.000107878448737786,0.000195392255031468,0.000221897624981044,5.90616527655531e-05,0.000304694110526856,-6.05538735774821e-05,-0.000231586234169955,-3.45456798932939e-05,-0.000197788913453216,-0.000196493172539948,-0.000199484415035775,-0.000147680820433344,-0.000133799714644446,-0.000114847462869728,0.000991357462155255,9.93907163666174e-05,-0.000138285421186179,-0.000131449823552911,3.52329796971341e-05,-0.000143515427528936,-3.41390859471076e-05,0.000137323831369311,7.07817269496377e-06,1.72510052748234e-06,0.00134194166069014,5.28108842773298e-06,-0.000172670844430778,-0.000165209189504365,-0.000183381269548778,-0.000220268751776323,-0.000150942990070075,-0.000119821285444184,1.6176863894365e-05,-0.000182593579032287,0.00177303832097295,0.000149466460730063,-0.000248799068248618,-0.000196724928906929,6.00062566500058e-06,-0.000330137745035422,-4.78996921993152e-05,9.55377135125018e-05,3.0525682491866e-05,-4.13878328719524e-05,0.000595988309874103,5.09842155856648e-05,-0.000197652801181779,-0.000405460581849878,4.44375783723329e-06,-0.000410861535030548,-8.88458398227456e-05,-4.46045738591398e-06,-9.4920917181656e-05,-9.36138072134336e-05,-0.00298192897942737,-8.44715224298135e-05,-9.69449111540817e-05,-0.000132590871977897,-7.59441273865554e-05,-2.08325795793003e-05,-0.000101747125196968,0.000117721985615342,7.75108113116944e-05,-0.000164695566986831,0.00105916019982032,8.77121597641078e-05,-0.000133730522898796,-0.000129833449901632,-0.000140443173484656,-0.000254560749535749,-0.000184486607621909,-0.000274211461967649,-7.8993333051237e-05,-7.93200664197218e-05,-0.00441549886281564,0.000130484457285915,-0.000234586828699366,-0.000341361628706662,-5.21899680217866e-05,-0.000444844069127041,-0.000133260528881445,-6.34430669087794e-05,-4.98980262654887e-05,-5.67241911036389e-05,-0.00084582043001404,0.000102409619571954,-0.000187029543741359,-0.00012438161431672,-3.8383220260113e-05,-0.000253834634797079,-5.57478490741282e-05,-2.6062982106942e-05,-1.2362779849039e-05,-5.47926519273245e-05,-0.000250101458381614,-3.62716155517182e-05,-0.000128866246474934,-0.000230465380078122,-8.49026194217902e-05,-0.000235674011718023,-9.24071010269714e-05,-1.95409610085102e-05,-7.68310419432748e-05,-5.64765641285118e-05,-0.00282963649708726,9.4321775397071e-06,-0.0001050626092018,-6.7480428607127e-05,-6.07522333763085e-05,-0.000161643867863944,-0.000108023735035282,-6.00262924108364e-05,-0.000100042051014137,-7.39490839598797e-05,0.000517441205376859,0.000171973925980205,-0.000189365570885915,-3.89874478198527e-05,4.06872550688275e-05,-0.000146342551007019,2.73868120655629e-06,6.48391231085914e-05,0.000143456144553111,-8.82766566351721e-05,0.00330472841136619,0.79388774872602,0.719078542092927,-0.395325291226739,1.4182351970849,-0.42615800542066,-1.19493105779885,-0.741158317780043,-0.0221810035276016,0.626021413099071,1.4402137617214,-1094.22370672809
2.89905986044739,-0.000400968976696541,-0.00187202997657087,-0.777908772301242,-0.717475870614083,0.453438002790934,1.64079730371893,0.676331461909187,1.46973200617958,-0.105961503928748,-0.195757120123078,-0.225959277308569,-0.78830203900503,2.18522206848069e-05,8.30382517236875e-05,-0.000267241513791468,4.85434764098262e-05,-6.06243702113453e-05,3.25720304300046e-05,2.73697504069568e-05,1.02857843676904e-05,-0.000143895704333879,-4.93469507003924e-05,-0.000226365598329114,7.68722347854541e-05,4.83893144947246e-05,-9.87897075068326e-06,3.18268809565537e-05,-0.000121112572141722,-2.86831682160159e-05,-1.74542708053959e-05,0.000145210745663906,3.96315192861707e-05,5.33538864228477e-06,-0.000172280391287,3.16127002124229e-05,5.91141359005044e-05,-4.60732628637279e-06,4.99847858241611e-05,3.92558071101553e-05,2.04135400050689e-05,-0.00014020260181978,7.72050934443479e-05,9.2173354438283e-05,0.000208054999441669,-3.30578031508375e-05,-0.000315396681374577,-0.000157686570612589,-0.00026851324598962,-5.01053772753006e-05,-0.000146005695121053,0.000334620681157509,-0.0003262398287523,0.00287566047815674,0.000281737414521941,-1.33014232095154e-05,-3.21971166066008e-05,0.000103628928403469,4.6284259661746e-06,0.000143123659874558,0.000261853415867591,0.000296080850220154,7.94046676616268e-05,0.00032372863091162,-8.0635437530637e-05,-0.000309229198501345,-4.54636342710704e-05,-0.000264693257664092,-0.000261795816001551,-0.000266587676080141,-0.000197330348604628,-0.000178142417536571,-0.000153230314370645,0.00086855843490396,0.000132812853003192,-0.000184849590418041,-0.000175525372064898,4.70917893210332e-05,-0.000190967476867072,-4.68414659064708e-05,0.000183572343874647,9.22733699808831e-06,2.43702142771671e-06,0.00125993401938424,6.95849909022231e-06,-0.000230556916544084,-0.000219073341531422,-0.000245257791453448,-0.0002926232220378,-0.000201958714309219,-0.000159318319824265,2.20755195132792e-05,-0.000243813714656477,0.00164116949886795,0.000199960687409425,-0.000332053104138437,-0.000261446249043907,8.24196473081964e-06,-0.000439435326279644,-6.45530326080781e-05,0.000128623184221203,4.14251390116168e-05,-5.47209094069186e-05,0.000449536654388153,6.76136019876966e-05,-0.000263634976357312,-0.000540925277378837,5.88095322146856e-06,-0.000547648393587493,-0.000119578492611462,-5.59698661681471e-06,-0.000126154392167008,-0.000125616924729144,-0.00309734217655091,-0.000112876330773261,-0.000128782886601073,-0.00017704231680039,-0.00010094468853903,-2.76289110982854e-05,-0.000135815398580756,0.000158396129349107,0.00010398336938263,-0.000219100561405816,0.00119902768922453,0.000117649738339907,-0.000178585264755744,-0.000172164852914243,-0.000188021265648987,-0.000338738708850889,-0.000247156137113084,-0.000366308610833492,-0.00010445064183833,-0.000105921434295208,-0.00455617575184805,0.000174164781682184,-0.000312240071653054,-0.000455985234286341,-6.84797774985571e-05,-0.000594239003200467,-0.000178494784727955,-8.30515365791942e-05,-6.60030452528609e-05,-7.48478822766292e-05,-0.000944144158309747,0.000137447520399622,-0.000249631896069817,-0.00016502337292514,-5.0928759162979e-05,-0.000338225752455153,-7.43903150766926e-05,-3.37266567728775e-05,-1.57214612351691e-05,-7.22430158671935e-05,-0.000352672256607394,-4.93334668031797e-05,-0.000171763226700018,-0.000307421101450205,-0.000113450360292042,-0.000313944517834923,-0.000124976058621891,-2.58998070165919e-05,-0.000102848007304983,-7.56306277589905e-05,-0.00279581574915675,1.27910264018524e-05,-0.000139360081313785,-8.93954037085136e-05,-8.10197717654724e-05,-0.00021507463048122,-0.000144009548974364,-7.92536534763354e-05,-0.000132042480132417,-9.82179966168041e-05,0.000671159413461704,0.000229543732398078,-0.00025251345342474,-5.17607564768451e-05,5.42690287777558e-05,-0.000194914821024716,2.94820028827852e-06,8.66607068147787e-05,0.00019219777098279,-0.00011829739436833,0.00328608617681591,0.793849898625199,0.719105480910509,-0.395434594030858,1.41831493181803,-0.426211464919978,-1.19490818807089,-0.741211205730952,-0.022242729273773,0.626028659869641,1.44028701950409,-1094.21027194201
2.89873467687883,-0.000539102149716388,-0.00168233281988518,-0.777877357947788,-0.71764075233099,0.453244323295975,1.64072709547677,0.676100983147767,1.46963706356154,-0.105945998881588,-0.195671438163242,-0.225944019322826,-0.788406406380119,2.95774381497495e-05,0.000112184224973687,-0.000360132409166388,6.55993721204945e-05,-8.16529399101787e-05,4.40785653195317e-05,3.70390970158534e-05,1.42535459630412e-05,-0.000194072371310655,-6.62754480426203e-05,-0.000304802679215193,0.000103951278849622,6.54606783074766e-05,-1.31124232328293e-05,4.30638578609374e-05,-0.000163674920161866,-3.8623176527676e-05,-2.36368190280738e-05,0.000196270444729635,5.35141423287235e-05,7.2126754825243e-06,-0.000231508316332399,4.27269190220706e-05,7.99485816764604e-05,-6.17895488914018e-06,6.75394486195664e-05,5.30536326291867e-05,2.77783686247296e-05,-0.00018878753873862,0.00010449298529966,4.56047548154786e-05,0.000281397697615723,-4.40268145097731e-05,-0.000423900708946695,-0.000212694695847726,-0.000359991686815607,-6.78703445310916e-05,-0.000195871077665072,0.000453049220007014,-0.000439580397463489,0.00300480790223601,0.000380075502786696,-1.79126144083211e-05,-4.31730968125192e-05,0.000140629814009924,7.36195146888523e-06,0.000191965183871359,0.000354028374326406,0.000398798590799262,0.000107596314707993,0.000467014072188889,-0.000108703109860525,-0.000416691500886577,-6.04101480919614e-05,-0.000357588791197902,-0.000352236587922401,-0.000359651350730448,-0.000266157158562212,-0.000239498226843242,-0.000206616413305761,0.000686813928149649,0.000179042782792033,-0.000249303128779656,-0.000236676776277462,6.35434940981056e-05,-0.000256693262712295,-6.45340807008872e-05,0.000247657472564551,1.22318675699554e-05,3.30929333977214e-06,0.0010711247248731,9.02884452149511e-06,-0.000310715378808241,-0.000293361659242381,-0.000331256914877247,-0.000392702502945167,-0.000272744383248845,-0.000214078537812169,3.01915281565089e-05,-0.0003288262755945,0.00166027321343658,0.000269676442622889,-0.000447137877458177,-0.000351069994895657,1.13451498644761e-05,-0.000590958955267755,-8.75002035680141e-05,0.000174664122792168,5.66703348515992e-05,-7.33552947499071e-05,0.000503820499291595,9.04783297883052e-05,-0.000354819400074884,-0.000728435289198663,7.6973455585266e-06,-0.000737199031185814,-0.000162032443494649,-7.11190637371508e-06,-0.00016914977987473,-0.000170117482368606,-0.00319089410858069,-0.000152433010502566,-0.000172782447769802,-0.000238619761724368,-0.000135536378491744,-3.70230995908619e-05,-0.000183063883526253,0.000214925695035222,0.000140630234856167,-0.000294498366770943,0.00119632848874594,0.000159058831423141,-0.000240813549924431,-0.000230683738661781,-0.000254230620504822,-0.000455190596061569,-0.000334237878815499,-0.000494235005859896,-0.000139696437944857,-0.000143067530999493,-0.00469377833248395,0.00023455279448465,-0.000419766597945829,-0.000614923553515657,-9.10976978176735e-05,-0.000801364385336517,-0.000241243320491225,-0.000110261200155059,-8.83819220782092e-05,-0.000100099373304266,-0.000943026680256489,0.000185988221023918,-0.000336320466940239,-0.000221359499105247,-6.82515367047321e-05,-0.000455256115598055,-0.000100137421873947,-4.42272709836898e-05,-2.02904209597847e-05,-9.64183169433114e-05,-0.000372008534576504,-6.77205168056193e-05,-0.000231095738217395,-0.000413901209225318,-0.000153261491995434,-0.000422370835601287,-0.000170270060638996,-3.4807146578993e-05,-0.000138918401388699,-0.000102350643355253,-0.00265369768073452,1.73977372354462e-05,-0.000186797686005461,-0.000119752585503074,-0.000109153416462878,-0.000289105570742804,-0.000193888499761715,-0.000105885821630136,-0.000176228929355356,-0.000131963314498345,0.000641435023744579,0.000309240521092523,-0.000340091366424048,-6.92334469371723e-05,7.29688203923928e-05,-0.000261961904065015,3.1303905946644e-06,0.000116866286743144,0.000259788029506692,-0.000160123984038693,0.003280123630556,0.793797469652636,0.719143029467954,-0.395586073823353,1.41842535727978,-0.42628628881322,-1.19487659263833,-0.741284594494803,-0.0223284101337594,0.626038590037382,1.44038865034983,-1094.13017825861
2.89767238866035,-0.000989974424341458,-0.00134929430300405,-0.777775061337869,-0.718178964192066,0.452612050750479,1.64049759776945,0.675348663430228,1.46932668084759,-0.105895232860714,-0.195391587988567,-0.225894137099101,-0.788747312357467,5.48401548832762e-05,0.000207398108993414,-0.000663446047341858,0.000121308133633592,-0.000150354832417592,8.16322378075719e-05,6.85804154481733e-05,2.70977657790649e-05,-0.0003580345536103,-0.000121661725420624,-0.000561487773494245,0.000192457364744534,0.000121220763489163,-2.37271355307967e-05,7.97214780336144e-05,-0.000302787029370591,-7.12451258011618e-05,-4.38012114675603e-05,0.000363027560408999,9.88419180412624e-05,1.33221143169659e-05,-0.000425400579942115,7.8992883706004e-05,0.000147977533553133,-1.13149575995419e-05,0.000124875235713001,9.81102875060436e-05,5.18396299203451e-05,-0.000347351646776587,0.000193635927902743,0.0003651620563653,0.000520901994235049,-7.93430994633824e-05,-0.000777990608313273,-0.000392417621215497,-0.000658509305815897,-0.000125777849202559,-0.00035838715226237,0.000840563767817731,-0.000809713308181225,0.0033096200382928,0.00070128074945946,-3.2656383265868e-05,-7.90789785432037e-05,0.000261730085770311,1.64635707776821e-05,0.000351533313581159,0.000655274052800202,0.000734373481678605,0.000199821386137115,0.000689703923255745,-0.000200557857836357,-0.000767732739780481,-0.000108972083745355,-0.000661332996873914,-0.000647423639864532,-0.000663895321959383,-0.000491187940678939,-0.000439949879826599,-0.000381189292954272,2.49442860027225e-05,0.000330032909320795,-0.000459540059093822,-0.000436438891530505,0.000117455025825562,-0.000471133729761208,-0.000122401513018979,0.000457170853230724,2.22046942070414e-05,6.29258054637689e-06,0.000697618254243688,1.54801735758178e-05,-0.000572018838740144,-0.000535629148962929,-0.00061228352326974,-0.00071935758098994,-0.000503865110701686,-0.000392754657597241,5.69832960552311e-05,-0.00060652357783903,0.00153767012546318,0.000497185697788759,-0.00082272880445539,-0.000643781516472851,2.1389048686399e-05,-0.00108572468740051,-0.000162469557212094,0.000325075263896421,0.000106595743106448,-0.000134387901299403,0.000545321775791156,0.000165110443142825,-0.000652281026007137,-0.00134039527771516,1.36018716978759e-05,-0.00135568557439893,-0.000300735333616078,-1.17813588102721e-05,-0.000309294525187735,-0.000315266593881241,-0.00367221241847035,-0.000281862208039839,-0.000316478917945476,-0.000439660723393775,-0.000248519581117554,-6.751103587581e-05,-0.000337602009784664,0.000399684316445595,0.000260163875395554,-0.000540781089465386,0.00102249297140568,0.000294238750785166,-0.000443891541528764,-0.000421878354875561,-0.000470716171880562,-0.000835424275202156,-0.000618921605483489,-0.000912431368886282,-0.000254713612519145,-0.000264524741469897,-0.00477637908343208,0.000431657980201168,-0.000770412454812278,-0.00113431190600753,-0.00016494720080045,-0.00147812991969653,-0.000446028474825668,-0.000199008235472529,-0.00016125530248786,-0.000182462632191069,-0.000833956266093795,0.000344555863581663,-0.000619300377602582,-0.000405529963805335,-0.000124789757207728,-0.000837733472799389,-0.000183976689122448,-7.84696539790493e-05,-3.51224081450063e-05,-0.000175402577584408,-0.0003152135334302,-0.000128039000589446,-0.000424520598743413,-0.000761214652170359,-0.000283449675783652,-0.000776025286646366,-0.000318474432732868,-6.36626820772259e-05,-0.000256573480973615,-0.000189393508655857,-0.00257629224747702,3.23570146766334e-05,-0.0003418946421988,-0.000219087954908627,-0.000201222304829822,-0.000530933059548013,-0.000357080927319053,-0.000193219785068071,-0.000320753822144926,-0.00024251495631988,0.000617673464968389,0.000569454485279356,-0.00062578089127864,-0.000125912953951207,0.000134120654318551,-0.000480553120864882,3.79791130709778e-06,0.000215899718781778,0.000481032267822587,-0.000296728237094881,0.00324324959384056,0.793625809633207,0.719265977095661,-0.396081119044434,1.41878590100597,-0.42653191535394,-1.19477384230115,-0.741524533832585,-0.0226084026587215,0.626070941112467,1.44072027700189,-1094.06174553245
2.89671412218175,-0.00139615515980218,-0.00117432482985481,-0.777682760393022,-0.718664160649398,0.452042390233296,1.64029035574273,0.674670738700653,1.46904634586989,-0.105848912415744,-0.195139101211363,-0.225848669391972,-0.789054524171265,7.76050022499125e-05,0.000293308225481455,-0.000936955177606938,0.000171530635860292,-0.00021234985230962,0.000115476258211378,9.69900781136943e-05,3.85227042279272e-05,-0.000506085172329239,-0.000171720748898718,-0.000793501910287458,0.000272427812329557,0.000171506757046839,-3.33012242615876e-05,0.000112755384183793,-0.000428423192382105,-0.000100722629109849,-6.20182674837197e-05,0.000513460895478547,0.000139753043599575,1.88192672047447e-05,-0.000600850253200076,0.000111666755146811,0.000209309206881945,-1.59765478726716e-05,0.000176574713990951,0.000138723840679894,7.350365597882e-05,-0.000490479773512944,0.000274123868628005,0.000158909490605249,0.000737197138265642,-0.000111165868866671,-0.00109667162928409,-0.000554518042255412,-0.000926797291112369,-0.000178381227026366,-0.000504615670264179,0.00119052564090801,-0.00114339335436139,0.00349197119117245,0.000991163971836659,-4.56860378038307e-05,-0.000111335326066547,0.000371146997642621,2.49079454147147e-05,0.000495552398993928,0.000927248700686122,0.00103724252125281,0.000283269799398087,0.000759008586471043,-0.000283463610031153,-0.00108446806849805,-0.000152345923341731,-0.000935606341593228,-0.000913360513788627,-0.000938744417624138,-0.000694226101351885,-0.000620637705758846,-0.000538742110242446,-0.000185876547482385,0.000466295015444393,-0.000648728396314998,-0.000616610703626084,0.000166252711960681,-0.000664494109388534,-0.000174522632749576,0.00064660250812222,3.16483594402748e-05,9.25526796365603e-06,0.000669582887623532,2.12225888098564e-05,-0.000807187947050951,-0.000753625554316234,-0.000865861702466934,-0.0010136113888352,-0.000712364362645057,-0.000553516340548495,8.17144895260705e-05,-0.000856805204545486,0.00148404054735941,0.000702446584230181,-0.0011610974291787,-0.000907371881753445,3.02897510556262e-05,-0.00153157388972835,-0.000230035453903867,0.000461117755775626,0.000152404184385366,-0.000189512402079642,0.000546869003473737,0.000232676227923329,-0.000920153419530019,-0.00189175053710078,1.90368180543588e-05,-0.00191287465950288,-0.000425777493956194,-1.52709543114168e-05,-0.000435238137489155,-0.00044554017424255,-0.00378802727540441,-0.000398806683544178,-0.000445881200967965,-0.000620932482001684,-0.000350506441878414,-9.49386215604351e-05,-0.000477141285082704,0.000566653655366249,0.000368199717903325,-0.000762861585536928,0.000779935822103186,0.000416186269687923,-0.000626810327521467,-0.000594280430686344,-0.00066606511129855,-0.00117816420685692,-0.000875963510514347,-0.00128971948861212,-0.000358219813147071,-0.000374073757481424,-0.00470964162957112,0.000609538232990882,-0.00108625698758278,-0.00160282836771312,-0.000231540354041185,-0.00208860976578915,-0.000630691666004796,-0.000278787449995816,-0.000226671176337158,-0.000256482506947716,-0.000649317198144147,0.000487642971710604,-0.000874372703097214,-0.000571601723464808,-0.000175787424301178,-0.00118281086651705,-0.000259457122732948,-0.000109164475669952,-4.82572495629263e-05,-0.000246666169131532,-0.000261510203690487,-0.00018244514033064,-0.000598803716357268,-0.00107387178378373,-0.000400995131432536,-0.0010944114403717,-0.000452412960780188,-8.92831413001839e-05,-0.000362545611125853,-0.000267375947375871,-0.00274197198559179,4.57285878249271e-05,-0.000481950345508355,-0.000308921683630538,-0.000284516560677319,-0.000749282206400838,-0.000504554811016012,-0.000272345805150104,-0.000451317806137245,-0.000342636558405192,0.00061111322997891,0.000804258643737042,-0.000883247704650751,-0.000176289762710049,0.000189212431952434,-0.000677145324608951,4.486754050434e-06,0.000305607231442766,0.000681258685368559,-0.000419924536721065,0.00326091441254483,0.793470447487992,0.719377175827496,-0.396527905025918,1.41911135931132,-0.426754235021503,-1.19468118547917,-0.741741425918318,-0.0228610856413757,0.626100436222237,1.44101918062643,-1093.92822081246
2.84505498574937,-0.0232659665834165,-0.00107677270551457,-0.772696756422824,-0.74481190401265,0.42136152057817,1.62911158769231,0.638153361603301,1.45392774056551,-0.103323162678831,-0.181515932578491,-0.223367565039282,-0.805602011564941,0.00130932407755196,0.00492903051682366,-0.015680987747045,0.00288122150884282,-0.00355208872643264,0.00194093083179586,0.00162934810576498,0.000651553831522459,-0.00849247865604459,-0.00287554626461897,-0.0133109685013183,0.0045911503893486,0.00288474818379777,-0.000546209553527206,0.00189361366001572,-0.00720481790820638,-0.00168946218675274,-0.00104051747878648,0.00862840372335719,0.00234673480200351,0.000317283457790325,-0.0100735557961542,0.00187466649817838,0.00351839425660786,-0.000266831787891621,0.00296579992895973,0.00232990613335464,0.00124629072941519,-0.00821376725316458,0.00461951267123584,0.000339370981691642,0.0124067274464377,-0.00180552734222145,-0.0182546802682342,-0.00929204615754172,-0.015370043175497,-0.00301085928045019,-0.00836377561563713,0.0200952947562977,-0.019122927745903,0.00224088856025134,0.0166329133251016,-0.000738057846336172,-0.00184150931710884,0.0062806710020078,0.000496840856857377,0.00826884650955906,0.0156041712862951,0.0173820955600516,0.00479088452506736,-0.000460430811100354,-0.00475416237918604,-0.0181664918598313,-0.00246642055666864,-0.0157364792795654,-0.0152353635441868,-0.0157714491637291,-0.0116408616701804,-0.0103591939643606,-0.00903048804825898,-0.000492496168973154,0.00782210506347443,-0.0108353592219844,-0.0103248218767638,0.00280460477615245,-0.011083136067947,-0.00297847409678172,0.0108816971803612,0.000561116010830723,0.000184300468282773,-0.000557612696159939,0.000330034548318894,-0.0134704136641447,-0.0124819595919546,-0.0145414539091001,-0.0168550882227727,-0.0119556193985755,-0.00920638522880322,0.00143590137715719,-0.0143440007232711,0.00190987907983307,0.0117759770956087,-0.0193872256361946,-0.0150987794407496,0.000510099761557784,-0.0255526023459773,-0.00386767188580067,0.00781707320026931,0.0026536681178982,-0.00315397709018999,0.000331106977121595,0.00388880914899891,-0.0153451192286643,-0.0315957605450392,0.000317037911512831,-0.0319317012600171,-0.00715844914177548,-0.000174583765117229,-0.00720050156284074,-0.00744366164678205,-0.00201137753893803,-0.00671184710572355,-0.00741333723379391,-0.0103876748692851,-0.00584897407865199,-0.00156408408188099,-0.00800143885891512,0.00958716699307762,0.00620550762238324,-0.0127373723727327,0.00156732152031097,0.00699207278498386,-0.0104706677222871,-0.00988290545727321,-0.0112021834886653,-0.0196553854373357,-0.0147333611707586,-0.0216286054830303,-0.00591704352202835,-0.00627673611668945,-0.00527861493298621,0.0102137455351203,-0.0181036990941226,-0.0268532169983242,-0.00382375849885404,-0.0349918444007093,-0.0105850689665906,-0.00456921573949064,-0.00373156398025253,-0.00423232823218559,0.000511782168452293,0.00821179475845273,-0.014626119201289,-0.00951846612263764,-0.00292337215185722,-0.0197805221790744,-0.00433064717988865,-0.00175820577591869,-0.000748617369820737,-0.00408424628703884,0.000871330510686567,-0.00311330766447118,-0.00998827911369597,-0.0179075537862942,-0.0067440221712872,-0.0182394217720466,-0.00767378670994445,-0.00145475835393727,-0.00606347269804605,-0.0044559059945299,-0.00405581756904796,0.000763372291209097,-0.00802983160698675,-0.00515557981940598,-0.00477965187557009,-0.0125310093138847,-0.00845639052972679,-0.00453740778393898,-0.0074891692893826,-0.0057462627945705,0.000577726668897485,0.01347492084672,-0.0147567565066917,-0.00285995744054457,0.00315993348812453,-0.0112539897565521,4.99088497290948e-05,0.00516064800192756,0.0115041544699425,-0.00705244796504161,0.00306905080413594,0.785075721179909,0.725384251099571,-0.420618746253296,1.43666398404105,-0.43876026907835,-1.18967085543768,-0.753449959426813,-0.0364740242767857,0.627698820964553,1.45711476331408,-1087.28250649913
